{"YwwQj68VkpX65RadWTOf9Q==":"-.png","dxAoSvv3sdHlSrtm7OCK9w==":"-white.png","Vyf8ZX49ocym8r76nK5yjw==":"--1.png","BL+Q/1u0C+GeDaRKbBmx8A==":"--2.png","K4vl0ujwqMa0XbUGcL74Gg==":"img_20180616_182553_hdr-2000x1500.jpg","hK2rjshQRfO56c3U+fN+sg==":"img-20180428-wa0016-864x1280.jpg","mAvXbQlkaP34lcVldJFkyQ==":"allpages-864x486.png","r/FH7X4yuA3NheGtFlvhDg==":"pravki-1080x608.png","mCehAEE3OE7DdhW5i+zWSg==":"randompage-748x420.png","gx9JtjYshD8fHmOtkSAj6Q==":"members-1122x631.png","j5Py8KDGuBqzHBECihcoog==":"allpages-552x311.png","rdwbz5C/B2s71ff8dywonA==":"pravki-552x311.png","uhafpht9WNrMfT5UDxlfIA==":"randompage-552x310.png","/kdplnOR8gC7/b7LJqMzdA==":"members-552x310.png","DrPAXJaZQeyZ0TAuw5ZfbA==":"img_20190307-153539-240x320.jpeg","sXAoxsnOtplAcw7ZEy1wgw==":"standivanbg-240x240.png","6Obxg/8vRUeyCeiq8tETCg==":"mafia%20m%20logo-192x192.png","uL6/z1jDbT3dkFPZSqxZ8Q==":"allpages-1-552x311.png","ATZ0wTJptgSqycUFG56Acg==":"allpages-2-552x311.png"}